country,country_code,outbreak_idx,start_date,end_date,termination_reason,total_increment,duration_weeks,model,goodness_of_fit,K,lam,a
Angola,AGO,1,2024-11-10,2024-12-22,4 consecutive weeks no increase,4,7,Weibull,0.998381626639757,4.01694976886406,0.1830262684619712,4.590236015246764
Benin,BEN,1,2022-06-19,2022-07-10,4 consecutive weeks no increase,3,4,Weibull,0.9999999999999996,3.0,0.2594714203671273,79.9331083784754
Burundi,BDI,1,2024-07-21,2025-01-12,reached last data,3116,26,Weibull,0.9998204477530162,3373.676876800356,0.0447106665155037,3.219514863812878
C?te d??voire,CIV,1,2024-06-30,2024-12-15,4 consecutive weeks no increase,107,25,Weibull,0.9987787916858542,108.76790982074515,0.0621015779610033,2.5862016880371193
Cameroon,CMR,1,2022-02-27,2022-04-03,4 consecutive weeks no increase,3,6,Weibull,0.9983679509884045,3.010814703108254,0.20619523715227267,5.709731740322012
Cameroon,CMR,2,2022-04-24,2022-05-15,4 consecutive weeks no increase,1,4,Weibull,0.9999999999999998,1.0,0.2596404539150464,77.69816684820027
Cameroon,CMR,3,2022-05-29,2022-07-17,4 consecutive weeks no increase,4,8,Weibull,0.9855580277360189,4.0730447622931525,0.14670814826180378,3.8349844141916547
Cameroon,CMR,4,2022-09-04,2022-11-27,4 consecutive weeks no increase,10,13,Weibull,0.9900573755407127,10.190992139445962,0.0941017491870786,4.284625373191918
Cameroon,CMR,5,2023-05-14,2023-08-13,4 consecutive weeks no increase,25,14,Weibull,0.9859514777460457,24.393676931459577,0.17581084613192643,2.707426984946734
Cameroon,CMR,6,2023-09-03,2023-09-24,4 consecutive weeks no increase,1,4,Weibull,0.9999999999999998,1.0,0.2596404539150464,77.69816684820027
Cameroon,CMR,7,2023-10-01,2023-10-22,4 consecutive weeks no increase,1,4,Weibull,0.9999999999999998,1.0,0.2596404539150464,77.69816684820027
Cameroon,CMR,8,2024-01-07,2024-01-28,4 consecutive weeks no increase,2,4,Weibull,1.0,2.0,0.2593436880705124,81.632012382721
Cameroon,CMR,9,2024-03-31,2024-04-28,4 consecutive weeks no increase,3,5,Weibull,0.9999999999999996,3.0,0.2464796582689083,63.655017954222515
Cameroon,CMR,10,2024-08-25,2024-09-15,4 consecutive weeks no increase,1,4,Weibull,0.9999999999999998,1.0,0.2596404539150464,77.69816684820027
Cameroon,CMR,11,2024-11-10,2024-12-01,4 consecutive weeks no increase,3,4,Weibull,0.9999999999999996,3.0,0.2594714203671273,79.9331083784754
Central African Republic,CAF,1,2022-01-02,2022-03-06,4 consecutive weeks no increase,12,10,Weibull,0.9876135489314736,12.373936582249238,0.12042344986734872,3.1858838050957217
Central African Republic,CAF,2,2022-03-13,2022-05-01,4 consecutive weeks no increase,7,8,Weibull,0.9919952971590915,6.666666667229166,0.2495275450982126,46.18797338489409
Central African Republic,CAF,3,2022-07-10,2022-08-28,4 consecutive weeks no increase,4,8,Weibull,0.984939727290066,4.007928622652819,0.1809196822251442,2.8833775698150066
Central African Republic,CAF,4,2022-09-04,2022-10-30,4 consecutive weeks no increase,5,9,Weibull,0.9743077713688341,5.154513979722012,0.12502650610756152,3.6622151762857706
Central African Republic,CAF,5,2022-12-04,2023-04-09,4 consecutive weeks no increase,17,19,Weibull,0.9967952632981494,17.569863840788006,0.0766562611808171,2.38839954790938
Central African Republic,CAF,6,2023-12-17,2024-03-03,4 consecutive weeks no increase,14,12,Weibull,0.9868662532729742,14.58278322591212,0.09996864378305649,3.106696563080288
Central African Republic,CAF,7,2024-03-10,2024-04-14,4 consecutive weeks no increase,7,6,Weibull,0.9964419733004973,6.857142857151576,0.24926215990277084,44.99569243252784
Central African Republic,CAF,8,2024-06-02,2025-01-12,reached last data,76,33,Weibull,0.9945199279734342,92.83071190938934,0.03497149468332876,2.1404833195715933
Congo,COG,1,2022-04-17,2022-05-08,4 consecutive weeks no increase,2,4,Weibull,1.0,2.0,0.2593436880705124,81.632012382721
Congo,COG,2,2022-08-07,2022-08-28,4 consecutive weeks no increase,1,4,Weibull,0.9999999999999998,1.0,0.2596404539150464,77.69816684820027
Congo,COG,3,2022-09-04,2022-09-25,4 consecutive weeks no increase,2,4,Weibull,1.0,2.0,0.2593436880705124,81.632012382721
Congo,COG,4,2023-08-06,2023-12-03,4 consecutive weeks no increase,21,18,Weibull,0.9919228962722384,21.194160707909376,0.09898317692198437,2.162578721530626
Congo,COG,5,2024-01-07,2024-03-24,4 consecutive weeks no increase,19,12,Weibull,0.9880956541192524,19.526970438519104,0.0962342645821278,4.067267442647365
Congo,COG,6,2024-08-04,2024-08-25,4 consecutive weeks no increase,2,4,Weibull,1.0,2.0,0.2593436880705124,81.632012382721
Congo,COG,7,2024-09-22,2024-10-13,4 consecutive weeks no increase,1,4,Weibull,0.9999999999999998,1.0,0.2596404539150464,77.69816684820027
Congo,COG,8,2024-11-24,2024-12-15,4 consecutive weeks no increase,1,4,Weibull,0.9999999999999998,1.0,0.2596404539150464,77.69816684820027
Congo,COG,9,2024-12-22,2024-12-29,reached last data,1,2,Weibull,0.9999999999999996,7.455608910607947,0.16331711361661175,95.44973190651645
Democratic Republic of the Congo,COD,1,2022-05-15,2022-06-05,4 consecutive weeks no increase,10,4,Weibull,1.0,10.0,0.2589161096879087,87.31513970452143
Democratic Republic of the Congo,COD,2,2022-06-12,2022-07-03,4 consecutive weeks no increase,90,4,Weibull,1.0,90.00000000004658,0.2586257968620763,93.08016252854694
Democratic Republic of the Congo,COD,3,2022-08-07,2025-01-12,reached last data,14604,128,Weibull,0.9978747153093364,52650.79155799421,0.0061911871957906215,5.255208959221905
Egypt,EGY,1,2022-09-25,2022-12-18,reached last data,3,4,Weibull,0.9962423176520034,3.1177943381385385,0.14428492827525535,8.007221028420052
Gabon,GAB,1,2024-08-18,2024-09-15,4 consecutive weeks no increase,2,5,Weibull,1.0,2.0,0.24851540699116378,61.535988788801546
Ghana,GHA,1,2022-02-20,2022-03-20,4 consecutive weeks no increase,2,5,Weibull,1.0,2.0,0.24851540699116378,61.535988788801546
Ghana,GHA,2,2022-05-29,2022-11-13,4 consecutive weeks no increase,106,25,Weibull,0.9965729961948226,107.73615638487793,0.07073090824118199,2.435868723861817
Ghana,GHA,3,2022-11-20,2023-01-08,4 consecutive weeks no increase,14,8,Weibull,0.9907278983586987,14.113212404567111,0.1556059120785104,4.098486183631783
Ghana,GHA,4,2023-01-15,2023-02-05,4 consecutive weeks no increase,2,4,Weibull,1.0,2.0,0.2593436880705124,81.632012382721
Ghana,GHA,5,2023-03-12,2023-04-23,4 consecutive weeks no increase,2,7,Weibull,0.9739992866958754,2.0323892010574105,0.17646881517694962,3.0934574041169083
Ghana,GHA,6,2023-04-30,2023-05-28,4 consecutive weeks no increase,2,5,Weibull,1.0,2.0,0.24851540699116378,61.535988788801546
Ghana,GHA,7,2024-09-15,2024-10-13,4 consecutive weeks no increase,2,5,Weibull,1.0,2.0,0.24851540699116378,61.535988788801546
Ghana,GHA,8,2024-10-20,2024-12-08,4 consecutive weeks no increase,3,8,Weibull,0.9829093040100297,3.061021907137328,0.14945239130907315,3.6719097593691377
Guinea,GIN,1,2024-01-07,2024-08-04,4 consecutive weeks no increase,1,4,Weibull,0.9999999999999998,1.0,0.2596404539150464,77.69816684820027
Guinea,GIN,2,2024-12-01,2024-12-22,4 consecutive weeks no increase,1,4,Weibull,0.9999999999999998,1.0,0.2596404539150464,77.69816684820027
Kenya,KEN,1,2024-07-21,2024-08-11,4 consecutive weeks no increase,1,4,Weibull,0.9999999999999998,1.0,0.2596404539150464,77.69816684820027
Kenya,KEN,2,2024-08-18,2025-01-19,reached last data,35,23,Weibull,0.993340723331426,55.67116993210073,0.037535713509102175,2.292135990069076
Liberia,LBR,1,2022-07-24,2022-08-28,4 consecutive weeks no increase,3,6,Weibull,0.9983679509884045,3.010814703108254,0.20619523715227267,5.709731740322012
Liberia,LBR,2,2022-11-20,2022-12-25,4 consecutive weeks no increase,3,6,Weibull,0.9858028198813515,3.032395234290123,0.1873918175909104,6.32633579369543
Liberia,LBR,3,2023-01-22,2023-04-02,4 consecutive weeks no increase,4,11,Weibull,0.9896647468133439,4.112850825199489,0.11832958431375618,2.8225617961945417
Liberia,LBR,4,2023-04-16,2023-05-07,4 consecutive weeks no increase,2,4,Weibull,1.0,2.0,0.2593436880705124,81.632012382721
Liberia,LBR,5,2023-11-12,2023-12-17,4 consecutive weeks no increase,5,6,Weibull,0.9949950592289953,5.028790205805203,0.20417496261729912,5.003752925701272
Liberia,LBR,6,2024-01-07,2024-04-14,4 consecutive weeks no increase,5,15,Weibull,0.9915023149923425,5.2474472680833,0.0937036292108621,2.1611880232226657
Liberia,LBR,7,2024-08-04,2024-12-22,4 consecutive weeks no increase,58,21,Weibull,0.9924455290795064,59.42013392789006,0.05653606934915582,5.643832005065391
Liberia,LBR,8,2025-01-12,2025-01-19,reached last data,1,2,Weibull,0.9999999999999996,7.455608910607947,0.16331711361661175,95.44973190651645
Mauritius,MUS,1,2024-10-20,2024-11-10,4 consecutive weeks no increase,1,4,Weibull,0.9999999999999998,1.0,0.2596404539150464,77.69816684820027
Morocco,MAR,1,2022-05-29,2024-10-06,reached last data,7,9,Weibull,0.9941919234544095,7.638614171548087,0.09256531519765807,4.6456388267395985
Mozambique,MOZ,1,2022-10-02,2022-10-23,4 consecutive weeks no increase,1,4,Weibull,0.9999999999999998,1.0,0.2596404539150464,77.69816684820027
Nigeria,NGA,1,2022-01-02,2022-02-06,4 consecutive weeks no increase,3,6,Weibull,0.9983679509884045,3.010814703108254,0.20619523715227267,5.709731740322012
Nigeria,NGA,2,2022-02-13,2023-06-25,4 consecutive weeks no increase,840,72,Weibull,0.9990965765879951,823.4892409670365,0.026355636391910922,4.3112737858674075
Nigeria,NGA,3,2023-07-09,2023-08-13,4 consecutive weeks no increase,3,6,Weibull,0.9858028198813515,3.032395234290123,0.1873918175909104,6.32633579369543
Nigeria,NGA,4,2023-11-05,2024-01-07,4 consecutive weeks no increase,15,10,Weibull,0.9951504309961353,14.447067845962643,0.16625887925146307,13.349343306135111
Nigeria,NGA,5,2024-01-21,2025-01-12,reached last data,195,52,Weibull,0.9929798282584552,387743.2376348478,0.0010484604066932155,2.652003390368269
Rwanda,RWA,1,2024-07-21,2024-08-11,4 consecutive weeks no increase,4,4,Weibull,1.0,4.0,0.25929844704793537,82.05442434754107
Rwanda,RWA,2,2024-09-08,2025-01-12,reached last data,78,19,Weibull,0.996902381603236,81.67741841164096,0.06059228014160364,4.265674405266865
Sierra Leone,SLE,1,2025-01-05,2025-01-19,reached last data,8,3,Weibull,1.0,8.0,0.16470738090168607,105.35826321380658
South Africa,ZAF,1,2022-06-26,2022-09-11,4 consecutive weeks no increase,5,12,Weibull,0.9889695150642095,5.241384821671983,0.10897639453803062,2.3713592806626864
South Africa,ZAF,2,2024-05-05,2024-08-18,4 consecutive weeks no increase,24,16,Weibull,0.9958603950828356,23.59354427400315,0.0973138897422238,4.281974821719907
South Africa,ZAF,3,2024-09-01,2024-09-22,4 consecutive weeks no increase,1,4,Weibull,0.9999999999999998,1.0,0.2596404539150464,77.69816684820027
Sudan,SDN,1,2022-07-31,2023-04-09,reached last data,19,9,Weibull,0.9876284308514016,19.678646499672446,0.09518650346040208,6.935384585372423
Uganda,UGA,1,2024-07-21,2025-01-19,reached last data,2031,27,Weibull,0.9991702431400489,2722.52591568929,0.03450984751084761,5.047668976444337
Zambia,ZMB,1,2024-10-06,2024-10-27,4 consecutive weeks no increase,1,4,Weibull,0.9999999999999998,1.0,0.2596404539150464,77.69816684820027
Zambia,ZMB,2,2024-12-22,2025-01-05,reached last data,3,3,Weibull,1.0,3.0,0.16680147144364058,116.32359387840387
Zimbabwe,ZWE,1,2024-10-06,2024-10-27,4 consecutive weeks no increase,2,4,Weibull,1.0,2.0,0.2593436880705124,81.632012382721
